id,marka,model,supports_single_phase,supports_three_phase,max_single_phase_kw,max_three_phase_kw,fiyat,guvenlik_puani,akilli_ozellik_puani,garanti_yil,verimlilik
S01,OrnekSarj,Ev Mini,1,0,3.7,0,12000,7,4,2,0.91
S02,OrnekSarj,Ev Plus,1,0,7.4,0,19000,8,7,3,0.94
S03,DemoVolt,Akilli Ev,1,0,7.4,0,24000,9,9,3,0.96
S04,DemoVolt,Ekonomik,1,0,7.4,0,15000,7,5,2,0.92
S05,TestEnerji,Guvenli Ev,1,0,7.4,0,28000,10,8,5,0.97
S06,OrnekSarj,Tri Baslangic,1,1,3.7,11,22000,8,6,2,0.94
S07,DemoVolt,Tri Akilli,0,1,0,11,29000,9,9,3,0.96
S08,TestEnerji,Tri Pro,0,1,0,22,38000,10,10,5,0.97
S09,OrnekSarj,Tri Ekonomik,0,1,0,22,26000,7,6,2,0.93
S10,TestEnerji,Tri Guvenli,0,1,0,11,32000,10,7,4,0.96
